{
    "__comment": "Model generated using MrCrayfish's Model Creator (http://mrcrayfish.com/modelcreator/)",
    "textures": {
        "0": "blocks/cauldron_side",
        "1": "blocks/cauldron_inner",
        "2": "blocks/wool_colored_red"
    },
    "display": {
        "gui": {
            "rotation": [ 30, 225, 0 ],
            "translation": [ 0, 0, 0 ],
            "scale": [ 0.625, 0.625, 0.625 ]
        },
        "ground": {
            "rotation": [ 0, 0, 0 ],
            "translation": [ 0, 3, 0 ],
            "scale": [ 0.25, 0.25, 0.25 ]
        },
        "fixed": {
            "rotation": [ 0, 0, 0 ],
            "translation": [ 0, 0, 0 ],
            "scale": [ 0.5, 0.5, 0.5 ]
        },
        "thirdperson_righthand": {
            "rotation": [ 75, 45, 0 ],
            "translation": [ 0, 2.5, 0 ],
            "scale": [ 0.375, 0.375, 0.375 ]
        },
        "thirdperson_lefthand": {
            "rotation": [ 75, 255, 0 ],
            "translation": [ 0, 2.5, 0 ],
            "scale": [ 0.375, 0.375, 0.375 ]
        },
        "firstperson_righthand": {
            "rotation": [ 0, 45, 0 ],
            "translation": [ 0, 2.5, 0 ],
            "scale": [ 0.4, 0.4, 0.4 ]
        },
        "firstperson_lefthand": {
            "rotation": [ 0, 225, 0 ],
            "translation": [ 0, 2.5, 0 ],
            "scale": [ 0.4, 0.4, 0.4 ]
        }
    },
    "elements": [
        {
            "name": "base",
            "from": [ 1.0, 0.0, 3.0 ], 
            "to": [ 15.0, 1.0, 15.0 ], 
            "faces": {
                "north": { "texture": "#0", "uv": [ 1.0, 0.0, 15.0, 1.0 ] },
                "east": { "texture": "#0", "uv": [ 0.0, 0.0, 1.0, 1.0 ] },
                "south": { "texture": "#0", "uv": [ 0.0, 0.0, 1.0, 1.0 ] },
                "west": { "texture": "#0", "uv": [ 0.0, 0.0, 1.0, 1.0 ] },
                "up": { "texture": "#0", "uv": [ 2.0, 0.0, 14.0, 9.0 ] },
                "down": { "texture": "#0", "uv": [ 0.0, 0.0, 1.0, 1.0 ] }
            }
        },
        {
            "name": "left_speaker",
            "from": [ 1.0, 1.0, 3.2 ], 
            "to": [ 4.0, 1.5, 4.3 ], 
            "rotation": { "origin": [ 8.0, 1.4999999925494194, 3.0 ], "axis": "x", "angle": 22.5 },
            "faces": {
                "north": { "texture": "#1", "uv": [ 0.0, 0.0, 1.0, 0.5 ] },
                "east": { "texture": "#1", "uv": [ 0.0, 0.0, 1.1, 0.5 ] },
                "south": { "texture": "#1", "uv": [ 0.0, 0.0, 1.0, 0.5 ] },
                "west": { "texture": "#1", "uv": [ 0.0, 0.0, 1.1, 0.5 ] },
                "up": { "texture": "#2", "uv": [ 0.0, 0.0, 8.0, 5.0 ] },
                "down": { "texture": "#1", "uv": [ 0.0, 0.0, 1.0, 1.1 ] }
            }
        },
        {
            "name": "right_speaker",
            "from": [ 12.0, 1.0, 3.2 ], 
            "to": [ 15.0, 1.5, 4.3 ], 
            "rotation": { "origin": [ 8.0, 1.4999999925494194, 3.0 ], "axis": "x", "angle": 22.5 },
            "faces": {
                "north": { "texture": "#0", "uv": [ 0.0, 0.0, 1.0, 0.5 ] },
                "east": { "texture": "#1", "uv": [ 0.0, 0.0, 1.1, 0.5 ] },
                "south": { "texture": "#1", "uv": [ 0.0, 0.0, 1.0, 0.5 ] },
                "west": { "texture": "#1", "uv": [ 0.0, 1.0, 1.1, 1.5 ] },
                "up": { "texture": "#2", "uv": [ 0.0, 0.0, 8.0, 5.0 ] },
                "down": { "texture": "#1", "uv": [ 0.0, 0.0, 1.0, 1.1 ] }
            }
        },
        {
            "name": "trackpad",
            "from": [ 5.0, 1.0, 11.5 ], 
            "to": [ 9.0, 1.1, 14.5 ], 
            "faces": {
                "north": { "texture": "#0", "uv": [ 0.0, 0.0, 4.0, 0.1 ] },
                "east": { "texture": "#0", "uv": [ 0.0, 0.0, 3.0, 0.1 ] },
                "south": { "texture": "#0", "uv": [ 0.0, 0.0, 4.0, 0.1 ] },
                "west": { "texture": "#0", "uv": [ 0.0, 0.0, 3.0, 0.1 ] },
                "up": { "texture": "#0", "uv": [ 0.0, 15.0, 1.0, 16.0 ] },
                "down": { "texture": "#0", "uv": [ 0.0, 0.0, 4.0, 3.0 ] }
            }
        },
        {
            "name": "key_1",
            "from": [ 2.0, 1.0, 5.0 ], 
            "to": [ 3.0, 1.1, 5.8 ], 
            "faces": {
                "north": { "texture": "#2", "uv": [ 0.0, 0.0, 1.0, 0.1 ] },
                "east": { "texture": "#2", "uv": [ 0.0, 0.0, 0.8, 0.1 ] },
                "south": { "texture": "#2", "uv": [ 0.0, 0.0, 1.0, 0.1 ] },
                "west": { "texture": "#2", "uv": [ 0.0, 0.0, 0.8, 0.1 ] },
                "up": { "texture": "#0", "uv": [ 0.0, 15.0, 1.0, 15.8 ] },
                "down": { "texture": "#2", "uv": [ 0.0, 0.0, 1.0, 0.8 ] }
            }
        },
        {
            "name": "key_2",
            "from": [ 3.1, 1.0, 5.0 ], 
            "to": [ 4.1, 1.1, 5.8 ], 
            "faces": {
                "north": { "texture": "#2", "uv": [ 0.0, 0.0, 1.0, 0.1 ] },
                "east": { "texture": "#2", "uv": [ 0.0, 0.0, 0.8, 0.1 ] },
                "south": { "texture": "#2", "uv": [ 0.0, 0.0, 1.0, 0.1 ] },
                "west": { "texture": "#2", "uv": [ 0.0, 0.0, 0.8, 0.1 ] },
                "up": { "texture": "#0", "uv": [ 0.0, 15.0, 1.0, 15.8 ] },
                "down": { "texture": "#2", "uv": [ 0.0, 0.0, 1.0, 0.8 ] }
            }
        },
        {
            "name": "key_3",
            "from": [ 4.2, 1.0, 5.0 ], 
            "to": [ 5.2, 1.1, 5.8 ], 
            "faces": {
                "north": { "texture": "#2", "uv": [ 0.0, 0.0, 1.0, 0.1 ] },
                "east": { "texture": "#2", "uv": [ 0.0, 0.0, 0.8, 0.1 ] },
                "south": { "texture": "#2", "uv": [ 0.0, 0.0, 1.0, 0.1 ] },
                "west": { "texture": "#2", "uv": [ 0.0, 0.0, 0.8, 0.1 ] },
                "up": { "texture": "#0", "uv": [ 0.0, 15.0, 1.0, 15.8 ] },
                "down": { "texture": "#2", "uv": [ 0.0, 0.0, 1.0, 0.8 ] }
            }
        },
        {
            "name": "key_4",
            "from": [ 5.3, 1.0, 5.0 ], 
            "to": [ 6.3, 1.1, 5.8 ], 
            "faces": {
                "north": { "texture": "#2", "uv": [ 0.0, 0.0, 1.0, 0.1 ] },
                "east": { "texture": "#2", "uv": [ 0.0, 0.0, 0.8, 0.1 ] },
                "south": { "texture": "#2", "uv": [ 0.0, 0.0, 1.0, 0.1 ] },
                "west": { "texture": "#2", "uv": [ 0.0, 0.0, 0.8, 0.1 ] },
                "up": { "texture": "#0", "uv": [ 0.0, 15.0, 1.0, 15.8 ] },
                "down": { "texture": "#2", "uv": [ 0.0, 0.0, 1.0, 0.8 ] }
            }
        },
        {
            "name": "key_5",
            "from": [ 6.4, 1.0, 5.0 ], 
            "to": [ 7.4, 1.1, 5.8 ], 
            "faces": {
                "north": { "texture": "#2", "uv": [ 0.0, 0.0, 1.0, 0.1 ] },
                "east": { "texture": "#2", "uv": [ 0.0, 0.0, 0.8, 0.1 ] },
                "south": { "texture": "#2", "uv": [ 0.0, 0.0, 1.0, 0.1 ] },
                "west": { "texture": "#2", "uv": [ 0.0, 0.0, 0.8, 0.1 ] },
                "up": { "texture": "#0", "uv": [ 0.0, 15.0, 1.0, 15.8 ] },
                "down": { "texture": "#2", "uv": [ 0.0, 0.0, 1.0, 0.8 ] }
            }
        },
        {
            "name": "key_6",
            "from": [ 7.5, 1.0, 5.0 ], 
            "to": [ 8.5, 1.1, 5.8 ], 
            "faces": {
                "north": { "texture": "#2", "uv": [ 0.0, 0.0, 1.0, 0.1 ] },
                "east": { "texture": "#2", "uv": [ 0.0, 0.0, 0.8, 0.1 ] },
                "south": { "texture": "#2", "uv": [ 0.0, 0.0, 1.0, 0.1 ] },
                "west": { "texture": "#2", "uv": [ 0.0, 0.0, 0.8, 0.1 ] },
                "up": { "texture": "#0", "uv": [ 0.0, 15.0, 1.0, 15.8 ] },
                "down": { "texture": "#2", "uv": [ 0.0, 0.0, 1.0, 0.8 ] }
            }
        },
        {
            "name": "key_7",
            "from": [ 8.6, 1.0, 5.0 ], 
            "to": [ 9.6, 1.1, 5.8 ], 
            "faces": {
                "north": { "texture": "#2", "uv": [ 0.0, 0.0, 1.0, 0.1 ] },
                "east": { "texture": "#2", "uv": [ 0.0, 0.0, 0.8, 0.1 ] },
                "south": { "texture": "#2", "uv": [ 0.0, 0.0, 1.0, 0.1 ] },
                "west": { "texture": "#2", "uv": [ 0.0, 0.0, 0.8, 0.1 ] },
                "up": { "texture": "#0", "uv": [ 0.0, 15.0, 1.0, 15.8 ] },
                "down": { "texture": "#2", "uv": [ 0.0, 0.0, 1.0, 0.8 ] }
            }
        },
        {
            "name": "key_8",
            "from": [ 9.7, 1.0, 5.0 ], 
            "to": [ 10.7, 1.1, 5.8 ], 
            "faces": {
                "north": { "texture": "#2", "uv": [ 0.0, 0.0, 1.0, 0.1 ] },
                "east": { "texture": "#2", "uv": [ 0.0, 0.0, 0.8, 0.1 ] },
                "south": { "texture": "#2", "uv": [ 0.0, 0.0, 1.0, 0.1 ] },
                "west": { "texture": "#2", "uv": [ 0.0, 0.0, 0.8, 0.1 ] },
                "up": { "texture": "#0", "uv": [ 0.0, 15.0, 1.0, 15.8 ] },
                "down": { "texture": "#2", "uv": [ 0.0, 0.0, 1.0, 0.8 ] }
            }
        },
        {
            "name": "key_9",
            "from": [ 10.8, 1.0, 5.0 ], 
            "to": [ 11.8, 1.1, 5.8 ], 
            "faces": {
                "north": { "texture": "#2", "uv": [ 0.0, 0.0, 1.0, 0.1 ] },
                "east": { "texture": "#2", "uv": [ 0.0, 0.0, 0.8, 0.1 ] },
                "south": { "texture": "#2", "uv": [ 0.0, 0.0, 1.0, 0.1 ] },
                "west": { "texture": "#2", "uv": [ 0.0, 0.0, 0.8, 0.1 ] },
                "up": { "texture": "#0", "uv": [ 0.0, 15.0, 1.0, 15.8 ] },
                "down": { "texture": "#2", "uv": [ 0.0, 0.0, 1.0, 0.8 ] }
            }
        },
        {
            "name": "key_10",
            "from": [ 11.9, 1.0, 5.0 ], 
            "to": [ 12.9, 1.1, 5.8 ], 
            "faces": {
                "north": { "texture": "#2", "uv": [ 0.0, 0.0, 1.0, 0.1 ] },
                "east": { "texture": "#2", "uv": [ 0.0, 0.0, 0.8, 0.1 ] },
                "south": { "texture": "#2", "uv": [ 0.0, 0.0, 1.0, 0.1 ] },
                "west": { "texture": "#2", "uv": [ 0.0, 0.0, 0.8, 0.1 ] },
                "up": { "texture": "#0", "uv": [ 0.0, 15.0, 1.0, 15.8 ] },
                "down": { "texture": "#2", "uv": [ 0.0, 0.0, 1.0, 0.8 ] }
            }
        },
        {
            "name": "key_11",
            "from": [ 13.0, 1.0, 5.0 ], 
            "to": [ 14.0, 1.1, 5.8 ], 
            "faces": {
                "north": { "texture": "#2", "uv": [ 0.0, 0.0, 1.0, 0.1 ] },
                "east": { "texture": "#2", "uv": [ 0.0, 0.0, 0.8, 0.1 ] },
                "south": { "texture": "#2", "uv": [ 0.0, 0.0, 1.0, 0.1 ] },
                "west": { "texture": "#2", "uv": [ 0.0, 0.0, 0.8, 0.1 ] },
                "up": { "texture": "#0", "uv": [ 0.0, 15.0, 1.0, 15.8 ] },
                "down": { "texture": "#2", "uv": [ 0.0, 0.0, 1.0, 0.8 ] }
            }
        },
        {
            "name": "key_12",
            "from": [ 2.0, 1.0, 6.1 ], 
            "to": [ 3.0, 1.1, 7.1 ], 
            "faces": {
                "north": { "texture": "#2", "uv": [ 0.0, 0.0, 1.0, 0.1 ] },
                "east": { "texture": "#2", "uv": [ 0.0, 0.0, 1.0, 0.1 ] },
                "south": { "texture": "#2", "uv": [ 0.0, 0.0, 1.0, 0.1 ] },
                "west": { "texture": "#2", "uv": [ 0.0, 0.0, 1.0, 0.1 ] },
                "up": { "texture": "#0", "uv": [ 0.0, 15.0, 1.0, 16.0 ] },
                "down": { "texture": "#2", "uv": [ 0.0, 0.0, 1.0, 1.0 ] }
            }
        },
        {
            "name": "key_13",
            "from": [ 3.1, 1.0, 6.1 ], 
            "to": [ 4.1, 1.1, 7.1 ], 
            "faces": {
                "north": { "texture": "#2", "uv": [ 0.0, 0.0, 1.0, 0.1 ] },
                "east": { "texture": "#2", "uv": [ 0.0, 0.0, 1.0, 0.1 ] },
                "south": { "texture": "#2", "uv": [ 0.0, 0.0, 1.0, 0.1 ] },
                "west": { "texture": "#2", "uv": [ 0.0, 0.0, 1.0, 0.1 ] },
                "up": { "texture": "#0", "uv": [ 0.0, 15.0, 1.0, 16.0 ] },
                "down": { "texture": "#2", "uv": [ 0.0, 0.0, 1.0, 1.0 ] }
            }
        },
        {
            "name": "key_14",
            "from": [ 4.2, 1.0, 6.1 ], 
            "to": [ 5.2, 1.1, 7.1 ], 
            "faces": {
                "north": { "texture": "#2", "uv": [ 0.0, 0.0, 1.0, 0.1 ] },
                "east": { "texture": "#2", "uv": [ 0.0, 0.0, 1.0, 0.1 ] },
                "south": { "texture": "#2", "uv": [ 0.0, 0.0, 1.0, 0.1 ] },
                "west": { "texture": "#2", "uv": [ 0.0, 0.0, 1.0, 0.1 ] },
                "up": { "texture": "#0", "uv": [ 0.0, 15.0, 1.0, 16.0 ] },
                "down": { "texture": "#2", "uv": [ 0.0, 0.0, 1.0, 1.0 ] }
            }
        },
        {
            "name": "key_15",
            "from": [ 5.3, 1.0, 6.1 ], 
            "to": [ 6.3, 1.1, 7.1 ], 
            "faces": {
                "north": { "texture": "#2", "uv": [ 0.0, 0.0, 1.0, 0.1 ] },
                "east": { "texture": "#2", "uv": [ 0.0, 0.0, 1.0, 0.1 ] },
                "south": { "texture": "#2", "uv": [ 0.0, 0.0, 1.0, 0.1 ] },
                "west": { "texture": "#2", "uv": [ 0.0, 0.0, 1.0, 0.1 ] },
                "up": { "texture": "#0", "uv": [ 0.0, 15.0, 1.0, 16.0 ] },
                "down": { "texture": "#2", "uv": [ 0.0, 0.0, 1.0, 1.0 ] }
            }
        },
        {
            "name": "key_16",
            "from": [ 6.4, 1.0, 6.1 ], 
            "to": [ 7.4, 1.1, 7.1 ], 
            "faces": {
                "north": { "texture": "#2", "uv": [ 0.0, 0.0, 1.0, 0.1 ] },
                "east": { "texture": "#2", "uv": [ 0.0, 0.0, 1.0, 0.1 ] },
                "south": { "texture": "#2", "uv": [ 0.0, 0.0, 1.0, 0.1 ] },
                "west": { "texture": "#2", "uv": [ 0.0, 0.0, 1.0, 0.1 ] },
                "up": { "texture": "#0", "uv": [ 0.0, 15.0, 1.0, 16.0 ] },
                "down": { "texture": "#2", "uv": [ 0.0, 0.0, 1.0, 1.0 ] }
            }
        },
        {
            "name": "key_17",
            "from": [ 7.5, 1.0, 6.1 ], 
            "to": [ 8.5, 1.1, 7.1 ], 
            "faces": {
                "north": { "texture": "#2", "uv": [ 0.0, 0.0, 1.0, 0.1 ] },
                "east": { "texture": "#2", "uv": [ 0.0, 0.0, 1.0, 0.1 ] },
                "south": { "texture": "#2", "uv": [ 0.0, 0.0, 1.0, 0.1 ] },
                "west": { "texture": "#2", "uv": [ 0.0, 0.0, 1.0, 0.1 ] },
                "up": { "texture": "#0", "uv": [ 0.0, 15.0, 1.0, 16.0 ] },
                "down": { "texture": "#2", "uv": [ 0.0, 0.0, 1.0, 1.0 ] }
            }
        },
        {
            "name": "key_18",
            "from": [ 8.6, 1.0, 6.1 ], 
            "to": [ 9.6, 1.1, 7.1 ], 
            "faces": {
                "north": { "texture": "#2", "uv": [ 0.0, 0.0, 1.0, 0.1 ] },
                "east": { "texture": "#2", "uv": [ 0.0, 0.0, 1.0, 0.1 ] },
                "south": { "texture": "#2", "uv": [ 0.0, 0.0, 1.0, 0.1 ] },
                "west": { "texture": "#2", "uv": [ 0.0, 0.0, 1.0, 0.1 ] },
                "up": { "texture": "#0", "uv": [ 0.0, 15.0, 1.0, 16.0 ] },
                "down": { "texture": "#2", "uv": [ 0.0, 0.0, 1.0, 1.0 ] }
            }
        },
        {
            "name": "key_19",
            "from": [ 9.7, 1.0, 6.1 ], 
            "to": [ 10.7, 1.1, 7.1 ], 
            "faces": {
                "north": { "texture": "#2", "uv": [ 0.0, 0.0, 1.0, 0.1 ] },
                "east": { "texture": "#2", "uv": [ 0.0, 0.0, 1.0, 0.1 ] },
                "south": { "texture": "#2", "uv": [ 0.0, 0.0, 1.0, 0.1 ] },
                "west": { "texture": "#2", "uv": [ 0.0, 0.0, 1.0, 0.1 ] },
                "up": { "texture": "#0", "uv": [ 0.0, 15.0, 1.0, 16.0 ] },
                "down": { "texture": "#2", "uv": [ 0.0, 0.0, 1.0, 1.0 ] }
            }
        },
        {
            "name": "key_20",
            "from": [ 10.8, 1.0, 6.1 ], 
            "to": [ 11.8, 1.1, 7.1 ], 
            "faces": {
                "north": { "texture": "#2", "uv": [ 0.0, 0.0, 1.0, 0.1 ] },
                "east": { "texture": "#2", "uv": [ 0.0, 0.0, 1.0, 0.1 ] },
                "south": { "texture": "#2", "uv": [ 0.0, 0.0, 1.0, 0.1 ] },
                "west": { "texture": "#2", "uv": [ 0.0, 0.0, 1.0, 0.1 ] },
                "up": { "texture": "#0", "uv": [ 0.0, 15.0, 1.0, 16.0 ] },
                "down": { "texture": "#2", "uv": [ 0.0, 0.0, 1.0, 1.0 ] }
            }
        },
        {
            "name": "key_21",
            "from": [ 11.9, 1.0, 6.1 ], 
            "to": [ 12.9, 1.1, 7.1 ], 
            "faces": {
                "north": { "texture": "#2", "uv": [ 0.0, 0.0, 1.0, 0.1 ] },
                "east": { "texture": "#2", "uv": [ 0.0, 0.0, 1.0, 0.1 ] },
                "south": { "texture": "#2", "uv": [ 0.0, 0.0, 1.0, 0.1 ] },
                "west": { "texture": "#2", "uv": [ 0.0, 0.0, 1.0, 0.1 ] },
                "up": { "texture": "#0", "uv": [ 0.0, 15.0, 1.0, 16.0 ] },
                "down": { "texture": "#2", "uv": [ 0.0, 0.0, 1.0, 1.0 ] }
            }
        },
        {
            "name": "key_22",
            "from": [ 13.0, 1.0, 6.1 ], 
            "to": [ 14.0, 1.1, 7.1 ], 
            "faces": {
                "north": { "texture": "#2", "uv": [ 0.0, 0.0, 1.0, 0.1 ] },
                "east": { "texture": "#2", "uv": [ 0.0, 0.0, 1.0, 0.1 ] },
                "south": { "texture": "#2", "uv": [ 0.0, 0.0, 1.0, 0.1 ] },
                "west": { "texture": "#2", "uv": [ 0.0, 0.0, 1.0, 0.1 ] },
                "up": { "texture": "#0", "uv": [ 0.0, 15.0, 1.0, 16.0 ] },
                "down": { "texture": "#2", "uv": [ 0.0, 0.0, 1.0, 1.0 ] }
            }
        },
        {
            "name": "key_23",
            "from": [ 2.0, 1.0, 7.2 ], 
            "to": [ 3.0, 1.1, 8.2 ], 
            "faces": {
                "north": { "texture": "#2", "uv": [ 0.0, 0.0, 1.0, 0.1 ] },
                "east": { "texture": "#2", "uv": [ 0.0, 0.0, 1.0, 0.1 ] },
                "south": { "texture": "#2", "uv": [ 0.0, 0.0, 1.0, 0.1 ] },
                "west": { "texture": "#2", "uv": [ 0.0, 0.0, 1.0, 0.1 ] },
                "up": { "texture": "#0", "uv": [ 0.0, 15.0, 1.0, 16.0 ] },
                "down": { "texture": "#2", "uv": [ 0.0, 0.0, 1.0, 1.0 ] }
            }
        },
        {
            "name": "key_24",
            "from": [ 3.1, 1.0, 7.2 ], 
            "to": [ 4.1, 1.1, 8.2 ], 
            "faces": {
                "north": { "texture": "#2", "uv": [ 0.0, 0.0, 1.0, 0.1 ] },
                "east": { "texture": "#2", "uv": [ 0.0, 0.0, 1.0, 0.1 ] },
                "south": { "texture": "#2", "uv": [ 0.0, 0.0, 1.0, 0.1 ] },
                "west": { "texture": "#2", "uv": [ 0.0, 0.0, 1.0, 0.1 ] },
                "up": { "texture": "#0", "uv": [ 0.0, 15.0, 1.0, 16.0 ] },
                "down": { "texture": "#2", "uv": [ 0.0, 0.0, 1.0, 1.0 ] }
            }
        },
        {
            "name": "key_25",
            "from": [ 4.2, 1.0, 7.2 ], 
            "to": [ 5.2, 1.1, 8.2 ], 
            "faces": {
                "north": { "texture": "#2", "uv": [ 0.0, 0.0, 1.0, 0.1 ] },
                "east": { "texture": "#2", "uv": [ 0.0, 0.0, 1.0, 0.1 ] },
                "south": { "texture": "#2", "uv": [ 0.0, 0.0, 1.0, 0.1 ] },
                "west": { "texture": "#2", "uv": [ 0.0, 0.0, 1.0, 0.1 ] },
                "up": { "texture": "#0", "uv": [ 0.0, 15.0, 1.0, 16.0 ] },
                "down": { "texture": "#2", "uv": [ 0.0, 0.0, 1.0, 1.0 ] }
            }
        },
        {
            "name": "key_26",
            "from": [ 5.3, 1.0, 7.2 ], 
            "to": [ 6.3, 1.1, 8.2 ], 
            "faces": {
                "north": { "texture": "#2", "uv": [ 0.0, 0.0, 1.0, 0.1 ] },
                "east": { "texture": "#2", "uv": [ 0.0, 0.0, 1.0, 0.1 ] },
                "south": { "texture": "#2", "uv": [ 0.0, 0.0, 1.0, 0.1 ] },
                "west": { "texture": "#2", "uv": [ 0.0, 0.0, 1.0, 0.1 ] },
                "up": { "texture": "#0", "uv": [ 0.0, 15.0, 1.0, 16.0 ] },
                "down": { "texture": "#2", "uv": [ 0.0, 0.0, 1.0, 1.0 ] }
            }
        },
        {
            "name": "key_28",
            "from": [ 7.5, 1.0, 7.2 ], 
            "to": [ 8.5, 1.1, 8.2 ], 
            "faces": {
                "north": { "texture": "#2", "uv": [ 0.0, 0.0, 1.0, 0.1 ] },
                "east": { "texture": "#2", "uv": [ 0.0, 0.0, 1.0, 0.1 ] },
                "south": { "texture": "#2", "uv": [ 0.0, 0.0, 1.0, 0.1 ] },
                "west": { "texture": "#2", "uv": [ 0.0, 0.0, 1.0, 0.1 ] },
                "up": { "texture": "#0", "uv": [ 0.0, 15.0, 1.0, 16.0 ] },
                "down": { "texture": "#2", "uv": [ 0.0, 0.0, 1.0, 1.0 ] }
            }
        },
        {
            "name": "key_27",
            "from": [ 6.4, 1.0, 7.2 ], 
            "to": [ 7.4, 1.1, 8.2 ], 
            "faces": {
                "north": { "texture": "#2", "uv": [ 0.0, 0.0, 1.0, 0.1 ] },
                "east": { "texture": "#2", "uv": [ 0.0, 0.0, 1.0, 0.1 ] },
                "south": { "texture": "#2", "uv": [ 0.0, 0.0, 1.0, 0.1 ] },
                "west": { "texture": "#2", "uv": [ 0.0, 0.0, 1.0, 0.1 ] },
                "up": { "texture": "#0", "uv": [ 0.0, 15.0, 1.0, 16.0 ] },
                "down": { "texture": "#2", "uv": [ 0.0, 0.0, 1.0, 1.0 ] }
            }
        },
        {
            "name": "key_29",
            "from": [ 8.6, 1.0, 7.2 ], 
            "to": [ 9.6, 1.1, 8.2 ], 
            "faces": {
                "north": { "texture": "#2", "uv": [ 0.0, 0.0, 1.0, 0.1 ] },
                "east": { "texture": "#2", "uv": [ 0.0, 0.0, 1.0, 0.1 ] },
                "south": { "texture": "#2", "uv": [ 0.0, 0.0, 1.0, 0.1 ] },
                "west": { "texture": "#2", "uv": [ 0.0, 0.0, 1.0, 0.1 ] },
                "up": { "texture": "#0", "uv": [ 0.0, 15.0, 1.0, 16.0 ] },
                "down": { "texture": "#2", "uv": [ 0.0, 0.0, 1.0, 1.0 ] }
            }
        },
        {
            "name": "key_30",
            "from": [ 9.7, 1.0, 7.2 ], 
            "to": [ 11.8, 1.1, 8.2 ], 
            "faces": {
                "north": { "texture": "#2", "uv": [ 0.0, 0.0, 2.1, 0.1 ] },
                "east": { "texture": "#2", "uv": [ 0.0, 0.0, 1.0, 0.1 ] },
                "south": { "texture": "#2", "uv": [ 0.0, 0.0, 2.1, 0.1 ] },
                "west": { "texture": "#2", "uv": [ 0.0, 0.0, 1.0, 0.1 ] },
                "up": { "texture": "#0", "uv": [ 0.0, 15.0, 1.0, 16.0 ] },
                "down": { "texture": "#2", "uv": [ 0.0, 0.0, 2.1, 1.0 ] }
            }
        },
        {
            "name": "key_31",
            "from": [ 11.9, 1.0, 7.2 ], 
            "to": [ 12.9, 1.1, 8.2 ], 
            "faces": {
                "north": { "texture": "#2", "uv": [ 0.0, 0.0, 1.0, 0.1 ] },
                "east": { "texture": "#2", "uv": [ 0.0, 0.0, 1.0, 0.1 ] },
                "south": { "texture": "#2", "uv": [ 0.0, 0.0, 1.0, 0.1 ] },
                "west": { "texture": "#2", "uv": [ 0.0, 0.0, 1.0, 0.1 ] },
                "up": { "texture": "#0", "uv": [ 0.0, 15.0, 1.0, 16.0 ] },
                "down": { "texture": "#2", "uv": [ 0.0, 0.0, 1.0, 1.0 ] }
            }
        },
        {
            "name": "key_32",
            "from": [ 13.0, 1.0, 7.2 ], 
            "to": [ 14.0, 1.1, 8.2 ], 
            "faces": {
                "north": { "texture": "#2", "uv": [ 0.0, 0.0, 1.0, 0.1 ] },
                "east": { "texture": "#2", "uv": [ 0.0, 0.0, 1.0, 0.1 ] },
                "south": { "texture": "#2", "uv": [ 0.0, 0.0, 1.0, 0.1 ] },
                "west": { "texture": "#2", "uv": [ 0.0, 0.0, 1.0, 0.1 ] },
                "up": { "texture": "#0", "uv": [ 0.0, 15.0, 1.0, 16.0 ] },
                "down": { "texture": "#2", "uv": [ 0.0, 0.0, 1.0, 1.0 ] }
            }
        },
        {
            "name": "key_33",
            "from": [ 2.0, 1.0, 8.3 ], 
            "to": [ 3.0, 1.1, 9.3 ], 
            "faces": {
                "north": { "texture": "#2", "uv": [ 0.0, 0.0, 1.0, 0.1 ] },
                "east": { "texture": "#2", "uv": [ 0.0, 0.0, 1.0, 0.1 ] },
                "south": { "texture": "#2", "uv": [ 0.0, 0.0, 1.0, 0.1 ] },
                "west": { "texture": "#2", "uv": [ 0.0, 0.0, 1.0, 0.1 ] },
                "up": { "texture": "#0", "uv": [ 0.0, 15.0, 1.0, 16.0 ] },
                "down": { "texture": "#2", "uv": [ 0.0, 0.0, 1.0, 1.0 ] }
            }
        },
        {
            "name": "key_34",
            "from": [ 3.1, 1.0, 8.3 ], 
            "to": [ 4.1, 1.1, 9.3 ], 
            "faces": {
                "north": { "texture": "#2", "uv": [ 0.0, 0.0, 1.0, 0.1 ] },
                "east": { "texture": "#2", "uv": [ 0.0, 0.0, 1.0, 0.1 ] },
                "south": { "texture": "#2", "uv": [ 0.0, 0.0, 1.0, 0.1 ] },
                "west": { "texture": "#2", "uv": [ 0.0, 0.0, 1.0, 0.1 ] },
                "up": { "texture": "#0", "uv": [ 0.0, 15.0, 1.0, 16.0 ] },
                "down": { "texture": "#2", "uv": [ 0.0, 0.0, 1.0, 1.0 ] }
            }
        },
        {
            "name": "key_35",
            "from": [ 4.2, 1.0, 8.3 ], 
            "to": [ 5.2, 1.1, 9.3 ], 
            "faces": {
                "north": { "texture": "#2", "uv": [ 0.0, 0.0, 1.0, 0.1 ] },
                "east": { "texture": "#2", "uv": [ 0.0, 0.0, 1.0, 0.1 ] },
                "south": { "texture": "#2", "uv": [ 0.0, 0.0, 1.0, 0.1 ] },
                "west": { "texture": "#2", "uv": [ 0.0, 0.0, 1.0, 0.1 ] },
                "up": { "texture": "#0", "uv": [ 0.0, 15.0, 1.0, 16.0 ] },
                "down": { "texture": "#2", "uv": [ 0.0, 0.0, 1.0, 1.0 ] }
            }
        },
        {
            "name": "key_36",
            "from": [ 5.3, 1.0, 8.3 ], 
            "to": [ 6.3, 1.1, 9.3 ], 
            "faces": {
                "north": { "texture": "#2", "uv": [ 0.0, 0.0, 1.0, 0.1 ] },
                "east": { "texture": "#2", "uv": [ 0.0, 0.0, 1.0, 0.1 ] },
                "south": { "texture": "#2", "uv": [ 0.0, 0.0, 1.0, 0.1 ] },
                "west": { "texture": "#2", "uv": [ 0.0, 0.0, 1.0, 0.1 ] },
                "up": { "texture": "#0", "uv": [ 0.0, 15.0, 1.0, 16.0 ] },
                "down": { "texture": "#2", "uv": [ 0.0, 0.0, 1.0, 1.0 ] }
            }
        },
        {
            "name": "key_38",
            "from": [ 6.4, 1.0, 8.3 ], 
            "to": [ 7.4, 1.1, 9.3 ], 
            "faces": {
                "north": { "texture": "#2", "uv": [ 0.0, 0.0, 1.0, 0.1 ] },
                "east": { "texture": "#2", "uv": [ 0.0, 0.0, 1.0, 0.1 ] },
                "south": { "texture": "#2", "uv": [ 0.0, 0.0, 1.0, 0.1 ] },
                "west": { "texture": "#2", "uv": [ 0.0, 0.0, 1.0, 0.1 ] },
                "up": { "texture": "#0", "uv": [ 0.0, 15.0, 1.0, 16.0 ] },
                "down": { "texture": "#2", "uv": [ 0.0, 0.0, 1.0, 1.0 ] }
            }
        },
        {
            "name": "key_39",
            "from": [ 7.5, 1.0, 8.3 ], 
            "to": [ 8.5, 1.1, 9.3 ], 
            "faces": {
                "north": { "texture": "#2", "uv": [ 0.0, 0.0, 1.0, 0.1 ] },
                "east": { "texture": "#2", "uv": [ 0.0, 0.0, 1.0, 0.1 ] },
                "south": { "texture": "#2", "uv": [ 0.0, 0.0, 1.0, 0.1 ] },
                "west": { "texture": "#2", "uv": [ 0.0, 0.0, 1.0, 0.1 ] },
                "up": { "texture": "#0", "uv": [ 0.0, 15.0, 1.0, 16.0 ] },
                "down": { "texture": "#2", "uv": [ 0.0, 0.0, 1.0, 1.0 ] }
            }
        },
        {
            "name": "key_40",
            "from": [ 8.6, 1.0, 8.3 ], 
            "to": [ 9.6, 1.1, 9.3 ], 
            "faces": {
                "north": { "texture": "#2", "uv": [ 0.0, 0.0, 1.0, 0.1 ] },
                "east": { "texture": "#2", "uv": [ 0.0, 0.0, 1.0, 0.1 ] },
                "south": { "texture": "#2", "uv": [ 0.0, 0.0, 1.0, 0.1 ] },
                "west": { "texture": "#2", "uv": [ 0.0, 0.0, 1.0, 0.1 ] },
                "up": { "texture": "#0", "uv": [ 0.0, 15.0, 1.0, 16.0 ] },
                "down": { "texture": "#2", "uv": [ 0.0, 0.0, 1.0, 1.0 ] }
            }
        },
        {
            "name": "key_41",
            "from": [ 9.7, 1.0, 8.3 ], 
            "to": [ 10.7, 1.1, 9.3 ], 
            "faces": {
                "north": { "texture": "#2", "uv": [ 0.0, 0.0, 1.0, 0.1 ] },
                "east": { "texture": "#2", "uv": [ 0.0, 0.0, 1.0, 0.1 ] },
                "south": { "texture": "#2", "uv": [ 0.0, 0.0, 1.0, 0.1 ] },
                "west": { "texture": "#2", "uv": [ 0.0, 0.0, 1.0, 0.1 ] },
                "up": { "texture": "#0", "uv": [ 0.0, 15.0, 1.0, 16.0 ] },
                "down": { "texture": "#2", "uv": [ 0.0, 0.0, 1.0, 1.0 ] }
            }
        },
        {
            "name": "key_42",
            "from": [ 10.8, 1.0, 8.3 ], 
            "to": [ 11.8, 1.1, 9.3 ], 
            "faces": {
                "north": { "texture": "#2", "uv": [ 0.0, 0.0, 1.0, 0.1 ] },
                "east": { "texture": "#2", "uv": [ 0.0, 0.0, 1.0, 0.1 ] },
                "south": { "texture": "#2", "uv": [ 0.0, 0.0, 1.0, 0.1 ] },
                "west": { "texture": "#2", "uv": [ 0.0, 0.0, 1.0, 0.1 ] },
                "up": { "texture": "#0", "uv": [ 0.0, 15.0, 1.0, 16.0 ] },
                "down": { "texture": "#2", "uv": [ 0.0, 0.0, 1.0, 1.0 ] }
            }
        },
        {
            "name": "key_43",
            "from": [ 11.9, 1.0, 8.3 ], 
            "to": [ 12.9, 1.1, 9.3 ], 
            "faces": {
                "north": { "texture": "#2", "uv": [ 0.0, 0.0, 1.0, 0.1 ] },
                "east": { "texture": "#2", "uv": [ 0.0, 0.0, 1.0, 0.1 ] },
                "south": { "texture": "#2", "uv": [ 0.0, 0.0, 1.0, 0.1 ] },
                "west": { "texture": "#2", "uv": [ 0.0, 0.0, 1.0, 0.1 ] },
                "up": { "texture": "#0", "uv": [ 0.0, 15.0, 1.0, 16.0 ] },
                "down": { "texture": "#2", "uv": [ 0.0, 0.0, 1.0, 1.0 ] }
            }
        },
        {
            "name": "key_44",
            "from": [ 13.0, 1.0, 8.3 ], 
            "to": [ 14.0, 1.1, 9.3 ], 
            "faces": {
                "north": { "texture": "#2", "uv": [ 0.0, 0.0, 1.0, 0.1 ] },
                "east": { "texture": "#2", "uv": [ 0.0, 0.0, 1.0, 0.1 ] },
                "south": { "texture": "#2", "uv": [ 0.0, 0.0, 1.0, 0.1 ] },
                "west": { "texture": "#2", "uv": [ 0.0, 0.0, 1.0, 0.1 ] },
                "up": { "texture": "#0", "uv": [ 0.0, 15.0, 1.0, 16.0 ] },
                "down": { "texture": "#2", "uv": [ 0.0, 0.0, 1.0, 1.0 ] }
            }
        },
        {
            "name": "key_45",
            "from": [ 2.0, 1.0, 9.4 ], 
            "to": [ 3.0, 1.1, 10.4 ], 
            "faces": {
                "north": { "texture": "#2", "uv": [ 0.0, 0.0, 1.0, 0.1 ] },
                "east": { "texture": "#2", "uv": [ 0.0, 0.0, 1.0, 0.1 ] },
                "south": { "texture": "#2", "uv": [ 0.0, 0.0, 1.0, 0.1 ] },
                "west": { "texture": "#2", "uv": [ 0.0, 0.0, 1.0, 0.1 ] },
                "up": { "texture": "#0", "uv": [ 0.0, 15.0, 1.0, 16.0 ] },
                "down": { "texture": "#2", "uv": [ 0.0, 0.0, 1.0, 1.0 ] }
            }
        },
        {
            "name": "key_46",
            "from": [ 3.1, 1.0, 9.4 ], 
            "to": [ 4.1, 1.1, 10.4 ], 
            "faces": {
                "north": { "texture": "#2", "uv": [ 0.0, 0.0, 1.0, 0.1 ] },
                "east": { "texture": "#2", "uv": [ 0.0, 0.0, 1.0, 0.1 ] },
                "south": { "texture": "#2", "uv": [ 0.0, 0.0, 1.0, 0.1 ] },
                "west": { "texture": "#2", "uv": [ 0.0, 0.0, 1.0, 0.1 ] },
                "up": { "texture": "#0", "uv": [ 0.0, 15.0, 1.0, 16.0 ] },
                "down": { "texture": "#2", "uv": [ 0.0, 0.0, 1.0, 1.0 ] }
            }
        },
        {
            "name": "key_47",
            "from": [ 4.2, 1.0, 9.4 ], 
            "to": [ 9.6, 1.1, 10.4 ], 
            "faces": {
                "north": { "texture": "#2", "uv": [ 0.0, 0.0, 5.4, 0.1 ] },
                "east": { "texture": "#2", "uv": [ 0.0, 0.0, 1.0, 0.1 ] },
                "south": { "texture": "#2", "uv": [ 0.0, 0.0, 5.4, 0.1 ] },
                "west": { "texture": "#2", "uv": [ 0.0, 0.0, 1.0, 0.1 ] },
                "up": { "texture": "#0", "uv": [ 0.0, 15.0, 1.0, 16.0 ] },
                "down": { "texture": "#2", "uv": [ 0.0, 0.0, 5.4, 1.0 ] }
            }
        },
        {
            "name": "key_48",
            "from": [ 9.7, 1.0, 9.4 ], 
            "to": [ 10.7, 1.1, 10.4 ], 
            "faces": {
                "north": { "texture": "#2", "uv": [ 0.0, 0.0, 1.0, 0.1 ] },
                "east": { "texture": "#2", "uv": [ 0.0, 0.0, 1.0, 0.1 ] },
                "south": { "texture": "#2", "uv": [ 0.0, 0.0, 1.0, 0.1 ] },
                "west": { "texture": "#2", "uv": [ 0.0, 0.0, 1.0, 0.1 ] },
                "up": { "texture": "#0", "uv": [ 0.0, 15.0, 1.0, 16.0 ] },
                "down": { "texture": "#2", "uv": [ 0.0, 0.0, 1.0, 1.0 ] }
            }
        },
        {
            "name": "key_49",
            "from": [ 10.8, 1.0, 9.4 ], 
            "to": [ 11.8, 1.1, 10.4 ], 
            "faces": {
                "north": { "texture": "#2", "uv": [ 0.0, 0.0, 1.0, 0.1 ] },
                "east": { "texture": "#2", "uv": [ 0.0, 0.0, 1.0, 0.1 ] },
                "south": { "texture": "#2", "uv": [ 0.0, 0.0, 1.0, 0.1 ] },
                "west": { "texture": "#2", "uv": [ 0.0, 0.0, 1.0, 0.1 ] },
                "up": { "texture": "#0", "uv": [ 0.0, 15.0, 1.0, 16.0 ] },
                "down": { "texture": "#2", "uv": [ 0.0, 0.0, 1.0, 1.0 ] }
            }
        },
        {
            "name": "key_50",
            "from": [ 11.9, 1.0, 9.4 ], 
            "to": [ 12.9, 1.1, 10.4 ], 
            "faces": {
                "north": { "texture": "#2", "uv": [ 0.0, 0.0, 1.0, 0.1 ] },
                "east": { "texture": "#2", "uv": [ 0.0, 0.0, 1.0, 0.1 ] },
                "south": { "texture": "#2", "uv": [ 0.0, 0.0, 1.0, 0.1 ] },
                "west": { "texture": "#2", "uv": [ 0.0, 0.0, 1.0, 0.1 ] },
                "up": { "texture": "#0", "uv": [ 0.0, 15.0, 1.0, 16.0 ] },
                "down": { "texture": "#2", "uv": [ 0.0, 0.0, 1.0, 1.0 ] }
            }
        },
        {
            "name": "key_51",
            "from": [ 13.0, 1.0, 9.4 ], 
            "to": [ 14.0, 1.1, 10.4 ], 
            "faces": {
                "north": { "texture": "#2", "uv": [ 0.0, 0.0, 1.0, 0.1 ] },
                "east": { "texture": "#2", "uv": [ 0.0, 0.0, 1.0, 0.1 ] },
                "south": { "texture": "#2", "uv": [ 0.0, 0.0, 1.0, 0.1 ] },
                "west": { "texture": "#2", "uv": [ 0.0, 0.0, 1.0, 0.1 ] },
                "up": { "texture": "#0", "uv": [ 0.0, 15.0, 1.0, 16.0 ] },
                "down": { "texture": "#2", "uv": [ 0.0, 0.0, 1.0, 1.0 ] }
            }
        },
        {
            "name": "screen_mount_2",
            "from": [ 4.0, 1.0, 3.2 ], 
            "to": [ 12.0, 1.5, 4.3 ], 
            "rotation": { "origin": [ 8.0, 1.4999999925494194, 3.0 ], "axis": "x", "angle": 22.5 },
            "faces": {
                "north": { "texture": "#1", "uv": [ 0.0, 0.0, 1.0, 0.5 ] },
                "east": { "texture": "#1", "uv": [ 0.0, 0.0, 1.1, 0.5 ] },
                "south": { "texture": "#1", "uv": [ 0.0, 0.0, 1.0, 0.5 ] },
                "west": { "texture": "#1", "uv": [ 0.0, 0.0, 1.1, 0.5 ] },
                "up": { "texture": "#1", "uv": [ 0.0, 0.0, 1.0, 1.0 ] },
                "down": { "texture": "#1", "uv": [ 0.0, 0.0, 1.0, 1.1 ] }
            }
        }
    ]
}