{
    "__comment": "Model generated using MrCrayfish's Model Creator (https://mrcrayfish.com/tools?id=mc)",
    "textures": {
        "0": "blocks/anvil_base",
        "1": "blocks/wool_colored_red",
        "2": "blocks/iron_block",
        "3": "blocks/lapis_block"
    },
    "display": {
        "gui": {
            "rotation": [ 30, 225, 0 ],
            "translation": [ 0, 4, 0 ],
            "scale": [ 0.9, 0.9, 0.9 ]
        },
        "ground": {
            "rotation": [ 0, 0, 0 ],
            "translation": [ 0, 3, 0 ],
            "scale": [ 0.25, 0.25, 0.25 ]
        },
        "fixed": {
            "rotation": [ 0, 0, 0 ],
            "translation": [ 0, 0, 0 ],
            "scale": [ 0.5, 0.5, 0.5 ]
        },
        "thirdperson_righthand": {
            "rotation": [ 75, 180, 0 ],
            "translation": [ 0, 2, 3 ],
            "scale": [ 0.375, 0.375, 0.375 ]
        },
        "firstperson_righthand": {
            "rotation": [ -90, 0, 0 ],
            "translation": [ -1.5, 4, 0 ],
            "scale": [ 0.4, 0.4, 0.4 ]
        }
    },
    "elements": [
        {
            "name": "base",
            "from": [ 6.00, 0.00, 0.00 ], 
            "to": [ 10.00, 2.00, 12.00 ], 
            "faces": {
                "north": { "texture": "#0", "uv": [ 0.00, 0.00, 4.00, 2.00 ] },
                "east": { "texture": "#0", "uv": [ 0.00, 0.00, 12.00, 2.00 ] },
                "south": { "texture": "#0", "uv": [ 0.00, 0.00, 4.00, 2.00 ] },
                "west": { "texture": "#0", "uv": [ 0.00, 0.00, 12.00, 2.00 ] },
                "up": { "texture": "#0", "uv": [ 0.00, 0.00, 4.00, 12.00 ] },
                "down": { "texture": "#0", "uv": [ 0.00, 0.00, 4.00, 12.00 ] }
            }
        },
        {
            "name": "corner_1",
            "from": [ 5.00, 0.00, 0.00 ], 
            "to": [ 6.00, 2.00, 3.00 ], 
            "faces": {
                "north": { "texture": "#0", "uv": [ 0.00, 0.00, 1.00, 2.00 ] },
                "east": { "texture": "#0", "uv": [ 0.00, 0.00, 3.00, 2.00 ] },
                "south": { "texture": "#0", "uv": [ 0.00, 0.00, 1.00, 2.00 ] },
                "west": { "texture": "#0", "uv": [ 0.00, 0.00, 3.00, 2.00 ] },
                "up": { "texture": "#0", "uv": [ 0.00, 0.00, 1.00, 3.00 ] },
                "down": { "texture": "#0", "uv": [ 0.00, 0.00, 1.00, 3.00 ] }
            }
        },
        {
            "name": "corner_2",
            "from": [ 10.00, 0.00, 0.00 ], 
            "to": [ 11.00, 2.00, 3.00 ], 
            "faces": {
                "north": { "texture": "#0", "uv": [ 0.00, 0.00, 1.00, 2.00 ] },
                "east": { "texture": "#0", "uv": [ 0.00, 0.00, 3.00, 2.00 ] },
                "south": { "texture": "#0", "uv": [ 0.00, 0.00, 1.00, 2.00 ] },
                "west": { "texture": "#0", "uv": [ 0.00, 0.00, 3.00, 2.00 ] },
                "up": { "texture": "#0", "uv": [ 0.00, 0.00, 1.00, 3.00 ] },
                "down": { "texture": "#0", "uv": [ 0.00, 0.00, 1.00, 3.00 ] }
            }
        },
        {
            "name": "corner_3",
            "from": [ 10.00, 0.00, 9.00 ], 
            "to": [ 11.00, 2.00, 12.00 ], 
            "faces": {
                "north": { "texture": "#0", "uv": [ 0.00, 0.00, 1.00, 2.00 ] },
                "east": { "texture": "#0", "uv": [ 0.00, 0.00, 3.00, 2.00 ] },
                "south": { "texture": "#0", "uv": [ 0.00, 0.00, 1.00, 2.00 ] },
                "west": { "texture": "#0", "uv": [ 0.00, 0.00, 3.00, 2.00 ] },
                "up": { "texture": "#0", "uv": [ 0.00, 0.00, 1.00, 3.00 ] },
                "down": { "texture": "#0", "uv": [ 0.00, 0.00, 1.00, 3.00 ] }
            }
        },
        {
            "name": "corner_4",
            "from": [ 5.00, 0.00, 9.00 ], 
            "to": [ 6.00, 2.00, 12.00 ], 
            "faces": {
                "north": { "texture": "#0", "uv": [ 0.00, 0.00, 1.00, 2.00 ] },
                "east": { "texture": "#0", "uv": [ 0.00, 0.00, 3.00, 2.00 ] },
                "south": { "texture": "#0", "uv": [ 0.00, 0.00, 1.00, 2.00 ] },
                "west": { "texture": "#0", "uv": [ 0.00, 0.00, 3.00, 2.00 ] },
                "up": { "texture": "#0", "uv": [ 0.00, 0.00, 1.00, 3.00 ] },
                "down": { "texture": "#0", "uv": [ 0.00, 0.00, 1.00, 3.00 ] }
            }
        },
        {
            "name": "side_1",
            "from": [ 5.20, 0.20, 3.00 ], 
            "to": [ 6.20, 1.80, 9.00 ], 
            "faces": {
                "west": { "texture": "#1", "uv": [ 0.00, 0.00, 6.00, 1.60 ] },
                "up": { "texture": "#1", "uv": [ 0.00, 0.00, 1.00, 6.00 ] },
                "down": { "texture": "#1", "uv": [ 0.00, 0.00, 1.00, 6.00 ] }
            }
        },
        {
            "name": "side_2",
            "from": [ 9.80, 0.20, 3.00 ], 
            "to": [ 10.80, 1.80, 9.00 ], 
            "faces": {
                "east": { "texture": "#1", "uv": [ 0.00, 0.00, 6.00, 1.60 ] },
                "up": { "texture": "#1", "uv": [ 0.00, 0.00, 1.00, 6.00 ] },
                "down": { "texture": "#1", "uv": [ 0.00, 0.00, 1.00, 6.00 ] }
            }
        },
        {
            "name": "connection_1",
            "from": [ 6.10, 0.40, 12.00 ], 
            "to": [ 9.90, 0.50, 16.00 ], 
            "faces": {
                "north": { "texture": "#2", "uv": [ 0.00, 0.00, 3.80, 0.10 ] },
                "east": { "texture": "#2", "uv": [ 1.00, 3.00, 1.10, 4.00 ], "rotation": 90 },
                "south": { "texture": "#2", "uv": [ 0.00, 0.00, 3.80, 0.10 ] },
                "west": { "texture": "#2", "uv": [ 1.00, 3.00, 1.10, 4.00 ], "rotation": 270 },
                "down": { "texture": "#2", "uv": [ 1.00, 3.00, 4.80, 4.00 ], "rotation": 180 }
            }
        },
        {
            "name": "connection_2",
            "from": [ 6.10, 1.50, 12.00 ], 
            "to": [ 9.90, 1.60, 16.00 ], 
            "faces": {
                "north": { "texture": "#2", "uv": [ 0.00, 0.00, 3.80, 0.10 ] },
                "east": { "texture": "#2", "uv": [ 1.00, 3.00, 1.10, 4.00 ], "rotation": 90 },
                "south": { "texture": "#2", "uv": [ 0.00, 0.00, 8.80, -4.90 ] },
                "west": { "texture": "#2", "uv": [ 1.00, 3.00, -4.90, 1.00 ], "rotation": 270 },
                "up": { "texture": "#2", "uv": [ 1.00, 3.00, 4.80, 4.00 ] },
                "down": { "texture": "#2", "uv": [ 1.00, 3.00, 4.80, 4.00 ], "rotation": 180 }
            }
        },
        {
            "name": "connection_3",
            "from": [ 6.10, 0.50, 12.00 ], 
            "to": [ 6.20, 1.50, 16.00 ], 
            "faces": {
                "north": { "texture": "#2", "uv": [ 0.00, 0.00, 0.10, 1.00 ] },
                "east": { "texture": "#2", "uv": [ 1.00, 3.00, 2.00, 4.00 ], "rotation": 90 },
                "south": { "texture": "#2", "uv": [ 0.00, 0.00, 0.10, 1.00 ] },
                "west": { "texture": "#2", "uv": [ 1.00, 3.00, 2.00, 4.00 ], "rotation": 270 },
                "up": { "texture": "#2", "uv": [ 0.00, 0.00, 0.10, 4.00 ] },
                "down": { "texture": "#2", "uv": [ 0.00, 0.00, 0.10, 4.00 ] }
            }
        },
        {
            "name": "connection_4",
            "from": [ 9.80, 0.50, 12.00 ], 
            "to": [ 9.90, 1.50, 16.00 ], 
            "faces": {
                "north": { "texture": "#2", "uv": [ 0.00, 0.00, 0.10, 1.00 ] },
                "east": { "texture": "#2", "uv": [ 1.00, 3.00, 2.00, 4.00 ], "rotation": 90 },
                "south": { "texture": "#2", "uv": [ 0.00, 0.00, 0.10, 1.00 ] },
                "west": { "texture": "#2", "uv": [ 1.00, 3.00, 2.00, 4.00 ], "rotation": 270 },
                "up": { "texture": "#2", "uv": [ 0.00, 0.00, 0.10, 4.00 ] },
                "down": { "texture": "#2", "uv": [ 0.00, 0.00, 0.10, 4.00 ] }
            }
        },
        {
            "name": "plastic",
            "from": [ 6.20, 0.50, 12.00 ], 
            "to": [ 9.80, 1.00, 16.00 ], 
            "faces": {
                "north": { "texture": "#3", "uv": [ 0.00, 0.00, 3.60, 0.50 ] },
                "east": { "texture": "#3", "uv": [ 0.00, 0.00, 4.00, 0.50 ] },
                "south": { "texture": "#3", "uv": [ 0.00, 0.00, 3.60, 0.50 ] },
                "west": { "texture": "#3", "uv": [ 0.00, 0.00, 4.00, 0.50 ] },
                "up": { "texture": "#3", "uv": [ 0.00, 0.00, 3.60, 4.00 ] },
                "down": { "texture": "#3", "uv": [ 0.00, 0.00, 3.60, 4.00 ] }
            }
        }
    ]
}